Metric,Value
Accuracy,0.8266666666666667
Precision,0.8537435897435899
Recall,0.8266666666666667
F1 Score,0.8226819923371648
